UMKM,DESKRIPSI,COORDINAT
Terasi,"Terasi Tradisional Khas Inak Ita merupakan salah satu produk olahan pangan tradisional yang menjadi bagian dari potensi UMKM masyarakat setempat. Terasi ini dibuat menggunakan bahan utama udang rebon asli tanpa campuran bahan lain, sehingga memiliki cita rasa dan karakteristik yang khas.",
Kerupuk Ulva,"Kerupuk Ulva merupakan salah satu produk olahan yang memanfaatkan hasil budidaya Ulva atau yang dikenal oleh masyarakat sebagai selada laut. Produk ini menjadi salah satu bentuk kreativitas masyarakat dalam mengolah hasil budidaya laut menjadi produk pangan yang memiliki nilai tambah.
Dalam proses pembuatannya, Ulva melalui beberapa tahapan pengolahan yang cukup panjang sebelum dapat diolah menjadi kerupuk yang siap dikonsumsi. Pengolahan tersebut dilakukan untuk menghasilkan produk dengan kualitas dan cita rasa yang baik.",
Garam Halus,"Garam halus merupakan salah satu bentuk kreativitas masyarakat dalam memanfaatkan sisa hasil produksi garam. Bahan bakunya berasal dari sisa garam pada bagian dasar tambak atau proses produksi yang memiliki kualitas lebih rendah dan cenderung bercampur dengan kotoran. Sisa tersebut kemudian diolah kembali melalui proses tertentu sehingga menghasilkan garam halus yang dapat dimanfaatkan dan memiliki nilai ekonomi.
Selain menghasilkan garam halus, sisa air dari proses perebusannya juga masih dapat dimanfaatkan sebagai bahan dalam pembuatan tahu. Pemanfaatan kembali hasil samping tersebut menunjukkan adanya upaya masyarakat dalam mengurangi limbah produksi sekaligus meningkatkan nilai guna dari bahan yang sebelumnya dianggap sebagai sisa.",
Tambak Garam ,Tambak garam merupakan salah satu potensi usaha masyarakat yang terdapat di Desa Pemongkong. Kegiatan ini memanfaatkan kondisi geografis dan lingkungan pesisir yang mendukung proses produksi garam melalui pemanfaatan air laut dan energi matahari.,
,,
Anyaman bambu,"Anyaman bambu merupakan salah satu bentuk kerajinan masyarakat yang memanfaatkan bambu sebagai bahan utama untuk membuat pagar. Bambu yang tersedia di lingkungan sekitar diolah dan dianyam secara tradisional hingga membentuk lembaran atau pola tertentu yang dapat digunakan sebagai pagar.

Kerajinan ini memiliki nilai fungsional sekaligus estetika karena dapat digunakan sebagai pembatas maupun pelengkap lingkungan rumah dan kawasan tertentu. Pemanfaatan bambu sebagai bahan utama juga menjadi salah satu bentuk penggunaan sumber daya lokal yang bernilai ekonomis.",